{
  "duration_seconds": 21.77058,
  "total_samples": 501,
  "brain_state_distribution": {
    "focused": 232,
    "artifact_detected": 269
  },
  "dominant_state": "artifact_detected",
  "average_band_powers": {
    "delta": 16.295429142760582,
    "theta": 3.819028118360544,
    "alpha": 1.4932098974159165,
    "beta": 2.1838061632519694,
    "gamma": 76.20852667821097
  },
  "signal_quality": {
    "mean": 64.12395685627872,
    "min": 50.970977575863785,
    "max": 68.51357905191288
  },
  "artifact_features": {
    "emg_intensity": {
      "mean": 0.9998523554943729,
      "max": 1.0
    },
    "forehead_emg": {
      "mean": 0.35813824621265283,
      "max": 0.42469024658203125
    },
    "blink_intensity": {
      "mean": 0.0,
      "max": 0.0
    },
    "movement_intensity": {
      "mean": 0.0,
      "max": 0.0
    },
    "data_quality": {
      "mean": 0.9662674650698603,
      "min": 0.5
    }
  },
  "artifact_ratio": 0.5728542914171657,
  "talking_ratio": 0.0,
  "heart_rate": {
    "mean": 0,
    "min": 0,
    "max": 0
  },
  "events_count": 2
}